<?xml version="1.0" encoding="UTF-8"?>
<project-private xmlns="http://www.netbeans.org/ns/project-private/1">
    <editor-bookmarks xmlns="http://www.netbeans.org/ns/editor-bookmarks/2" lastBookmarkId="0"/>
    <open-files xmlns="http://www.netbeans.org/ns/projectui-open-files/2">
        <group>
            <file>file:/C:/Users/BONIFACE%20OMARI/Documents/NetBeansProjects/rental/src/caretaker/add.java</file>
            <file>file:/C:/Users/BONIFACE%20OMARI/Documents/NetBeansProjects/rental/src/agent/viewroom2.java</file>
            <file>file:/C:/Users/BONIFACE%20OMARI/Documents/NetBeansProjects/rental/src/agent/viewpayment2.java</file>
            <file>file:/C:/Users/BONIFACE%20OMARI/Documents/NetBeansProjects/rental/src/admin/viewmanagement.java</file>
            <file>file:/C:/Users/BONIFACE%20OMARI/Documents/NetBeansProjects/rental/src/admin/room.java</file>
            <file>file:/C:/Users/BONIFACE%20OMARI/Documents/NetBeansProjects/rental/src/agent/room.java</file>
            <file>file:/C:/Users/BONIFACE%20OMARI/Documents/NetBeansProjects/rental/src/admin/account.java</file>
            <file>file:/C:/Users/BONIFACE%20OMARI/Documents/NetBeansProjects/rental/src/agent/viewdamage2.java</file>
            <file>file:/C:/Users/BONIFACE%20OMARI/Documents/NetBeansProjects/rental/src/agent/viewtenant2.java</file>
            <file>file:/C:/Users/BONIFACE%20OMARI/Documents/NetBeansProjects/rental/src/caretaker/caretakerlogin.java</file>
            <file>file:/C:/Users/BONIFACE%20OMARI/Documents/NetBeansProjects/rental/src/agent/agentdb.java</file>
            <file>file:/C:/Users/BONIFACE%20OMARI/Documents/NetBeansProjects/rental/src/caretaker/caretaker.java</file>
            <file>file:/C:/Users/BONIFACE%20OMARI/Documents/NetBeansProjects/rental/src/caretaker/viewdamage3.java</file>
            <file>file:/C:/Users/BONIFACE%20OMARI/Documents/NetBeansProjects/rental/src/admin/viewdamage.java</file>
            <file>file:/C:/Users/BONIFACE%20OMARI/Documents/NetBeansProjects/rental/src/caretaker/caredb.java</file>
            <file>file:/C:/Users/BONIFACE%20OMARI/Documents/NetBeansProjects/rental/src/admin/viewtenant.java</file>
            <file>file:/C:/Users/BONIFACE%20OMARI/Documents/NetBeansProjects/rental/src/agent/agentlogin.java</file>
            <file>file:/C:/Users/BONIFACE%20OMARI/Documents/NetBeansProjects/rental/src/admin/user.java</file>
            <file>file:/C:/Users/BONIFACE%20OMARI/Documents/NetBeansProjects/rental/src/admin/viewroom.java</file>
            <file>file:/C:/Users/BONIFACE%20OMARI/Documents/NetBeansProjects/rental/src/caretaker/view.java</file>
            <file>file:/C:/Users/BONIFACE%20OMARI/Documents/NetBeansProjects/rental/src/admin/login.java</file>
            <file>file:/C:/Users/BONIFACE%20OMARI/Documents/NetBeansProjects/rental/src/maindb/maindb.java</file>
            <file>file:/C:/Users/BONIFACE%20OMARI/Documents/NetBeansProjects/rental/src/caretaker/damage.java</file>
        </group>
    </open-files>
</project-private>
